,shop_name,d1,d2
0,능평삼거리,경기,광주시
0,하나로마트춘천퇴계,강원,춘천시
0,롯데마트부평,인천,부평구
0,가평휴게소(상),경기,가평군
0,아산장재,충남,아산시
0,수원파장,경기,수원시
0,롯데더몰여수,전남,여수시
0,김포마산,경기,김포시
0,신정네거리역,서울,양천구
0,대구성당D/T,대구,달서구
0,진주혁신,경남,진주시
0,영암대불,전남,영암군
0,안산사동,경기,안산시
0,의정부고산,경기,의정부시
0,용인휴게소(하),경기,용인시
0,진영휴게소(하),경남,김해시
0,포항에비뉴,경북,포항시
0,송도달빛공원,인천,연수구
0,광명역사,경기,광명시
0,문경시청,경북,문경시
0,청계산입구역,서울,서초구
0,대전목원대,대전,서구
0,원주봉산,강원,원주시
0,무안,전남,무안군
0,안산그랑시티자이,경기,안산시
0,시화거북섬,경기,시흥시
0,인천왕길역,인천,서구
0,홈플러스강동,굽은다리역,앞
0,서천장항,충남,서천군
0,경기북부청사,경기,의정부시
0,송도랜드마크시티,인천,연수구
0,청주동남,충북,청주시
0,남양주덕소,경기,남양주시
0,동탄산척,경기,화성시
0,감일,감일백제로,109
0,대구연경,대구,동구
0,홈플러스월드컵,서울,마포구
0,DMC향동,경기,고양시
0,김포풍무,경기,김포시
0,논산내동,충남,논산시
0,세종반곡,세종,한누리대로
0,남양주화도D/T,경기,남양주시
0,천안나사렛,충남,천안시
0,대구불로봉무,대구,동구
0,대구장기,대구,달서구
0,광주주월,광주,남구
0,부산동아대,부산,사하구
0,구미선산,경북,구미시
0,대구침산,대구,북구
0,시흥은계,경기,시흥시
0,원주단관,강원,원주시
0,충주호암,충북,충주시
0,천안역사,충남,천안시
0,안양석수,경기,안양시
0,경기광주역,경기,광주시
0,청주남문성안길,충북,청주시
0,김포고촌,경기,김포시
0,부평역,인천,부평구
0,오송역사,충북,청주시
0,고덕국제,경기,평택시
0,양양,강원,양양군
0,제주함덕,제주,제주시
0,광주효천,광주,남구
0,비발디파크,강원,홍천군
0,울산송정,울산,북구
0,전주법원,전북,전주시
0,동탄호수공원,경기,화성시
0,용산역사,서울,용산구
0,수원당수,경기,수원시
0,천안신당,충남,천안시
0,이천송정,경기,이천시
0,이천,경기,이천시
0,홈플러스북수원,경기,수원시
0,구산역,서울,은평구
0,평택서정,경기,평택시
0,마곡역,서울,강서구
0,거제고현,경남,거제시
0,광주운천,광주,서구
0,경남산청,경남,산청군
0,원주기업도시,강원,원주시
0,홈플러스칠곡,대구,북구
0,군포송정지구,경기,군포시
0,세종고운,세종,마음안1로
0,세종보람디엠시티,세종,한누리대로
0,진주초장,경남,진주시
0,홍은포방,서울,서대문구
0,세종소담,세종,한누리대로
0,용인동백,경기,용인시
0,대구옥포,대구,달성군
0,대구삼덕,대구,중구
0,송산새솔동,경기도,화성시
0,홈플러스동광주,광주,북구
0,광주운리,광주,서구
0,진주대안,경남,진주시
0,청주테크노폴리스,충청북도,청주시
0,평택포승,경기,평택시
0,롯데광복,부산,중구
0,대구황금네거리,대구,수성구
0,과천렛츠런파크,경기,과천시
0,제주공항국내선탑승,제주,제주시
0,마산로봇랜드,경상남도,창원시
0,전주에코,전라북도,전주시
0,대구서성네거리,대구,중구
0,다산진건,경기,남양주시
0,진도,전남,진도군
0,홈플러스간석,인천,남동구
0,평창진부,강원,평창군
0,홈플러스창원,경남,창원시
0,당진합덕,충남,당진시
0,판교D/T,경기,성남시
0,이대,서울,서대문구
0,이천마장,경기,이천시
0,전주시청,전북,전주시
0,경남의령,경남,의령군
0,전북대,전북,전주시
0,익산제일,전북,익산시
0,화성비봉,경기,화성시
0,제천강저,충북,제천시
0,메가마트동래,부산,동래구
0,김해장유,경남,김해시
0,부천송내D/T,경기,부천시
0,롯데백인천터미널,인천,남구
0,광주첨단,광주,광산구
0,홈플러스광주하남,광주,광산구
0,수원영통,경기,수원시
0,창원대동백화점,경남,창원시
0,구미산동,경북,구미시
0,롯데마트영통,경기,수원시
0,미사역,경기,하남시
0,진해자은,경남,창원시
0,수원고색,경기,수원시
0,전북진안,진안군,진안읍
0,동탄주거단지,경기,화성시
0,안성중앙대,경기,안성시
0,영남대D/T,경북,경산시
0,홈플러스중계,서울,노원구
0,광교,경기,수원시
0,가평설악,경기,가평군
0,부산괴정,부산,사하구
0,경남대,경남,창원시
0,서산해미,충남,서산시
0,서산테크노밸리,충남,서산시
0,하나로제주성산,제주,서귀포시
0,파주야당역,경기,파주시
0,밀양하남,경남,밀양시
0,인천도화,인천,남구
0,광주퇴촌,경기,광주시
0,여수예술랜드,전남,여수시
0,용인남사,경기도,용인시
0,장생포,울산,남구
0,용인송전,경기,용인시
0,왕십리역사,서울,성동구
0,화곡역,서울,강서구
0,홈플러스울산남구,울산,남구
0,파주광탄,경기,파주시
0,부산서동,부산,금정구
0,인천가정,인천,서구
0,순천조례,전남,순천시
0,롯데마트동래,부산,동래구
0,서충주신도시,충북,충주시
0,대전세이,대전,중구
0,밀양삼문,경남,밀양시
0,방배역,서울,서초구
0,안동문화의거리,경북,안동시
0,경북의성,경북,의성군
0,오남어람,경기,남양주시
0,전남곡성,전남,곡성군
0,해운대D/T,부산,해운대구
0,강남일원,서울,강남구
0,금정역,경기,군포시
0,서면지하상가,부산,부산진구
0,경북신영주,경북,영주시
0,음성삼성,충북,음성군
0,여수죽림,전남,여수시
0,원주흥업,강원,원주시
0,동탄CGV,경기,화성시
0,창천,서울,서대문구
0,김포국제공항국내선청사4F,서울,강서구
0,부산연지,부산,부산진구
0,평택세교,경기,평택시
0,평택진위D/T,경기,평택시
0,청주옥산,충북,청주시
0,춘천장학,강원,춘천시
0,시흥현대시장,서울,금천구
0,인천공항제2여객터미널3층,인천,중구
0,부산광안역,부산,수영구
0,인천공항제2여객터미널1층,인천공항,제2여객터미널
0,구리갈매,경기,구리시
0,당진기지시,충남,당진시
0,포항법원,경북,포항시
0,순천용당,전남,순천시
0,울산삼산D/I,울산,남구
0,구미신평D/T,경북,구미시
0,보라매타운,서울,관악구
0,진해남문,경남,창원시
0,시흥휴게소,경기,시흥시
0,청량리역사,서울,동대문구
0,용인시청D/T,경기,용인시
0,전북장수,전북,장수군
0,목동킴스클럽,서울,양천구
0,롯데마트김포한강신도시,경기,김포시
0,부산지사,부산,강서구
0,경주보문,경북,경주시
0,벌교,전남,보성군
0,용인백암,경기,용인시
0,울릉도,경북,울릉군
0,롯데속초리조트,강원,속초시
0,내린천휴게소,강원,인제군
0,의정부낙양,경기,의정부시
0,양주옥정,경기,양주시
0,롯데마트시흥배곧,경기,시흥시
0,울산역사,울산,울주군
0,송파하비오,서울,송파구
0,광주하남2지구,광주,광산구
0,충북혁신도시,충북,음성군
0,배곧신도시,경기,시흥시
0,제주표선해변,제주,서귀포시
0,하나로고양,경기,고양시
0,부산남산정역,부산,북구
0,울산정자해변,울산,북구
0,롯데마트서울양평,서울,영등포구
0,부산전포,부산,부산진구
0,해운대백병원,부산,해운대구
0,신부산역사,부산,동구
0,양주광적,경기,양주시
0,천안불당,충남,천안시
0,울산우정,울산,중구
0,하나로마트광주수완,광주,광산구
0,대전죽동,대전,유성구
0,향남2신도시,경기,화성시
0,익산역,전북,익산시
0,백령도,인천,옹진군
0,평내,경기,남양주시
0,인천서구,인천,서구
0,전주평화,전북,전주시
0,아산테크노밸리,충남,아산시
0,진주상봉,경남,진주시
0,대전산성,대전,중구
0,포항효자,경북,포항시
0,홈플러스파주운정,경기,파주시
0,오산세교D/T,경기,오산시
0,순천오천,전남,순천시
0,안산와동,경기,안산시
0,장한평역,동대문구,천호대로
0,충주용산,충북,충주시
0,안양석수D/T,경기,안양시
0,양산증산,경남,양산시
0,목감신도시,경기,시흥시
0,평택청북,경기,평택시
0,부산명지국제신도시,부산,강서구
0,중화역,서울,중랑구
0,아산북수,충남,아산시
0,동탄역사,경기,화성시
0,수서역사,서울,강남구
0,대구금호사수,대구,북구
0,경북도청,경북,안동시
0,진주신안,경남,진주시
0,양산물금,경남,양산시
0,제기역,서울,동대문구
0,안성휴게소(상),경기,안성시
0,대구세천,대구,달성군
0,수원연무,경기,수원시
0,경기대역,경기,수원시
0,파주적성,경기,파주시
0,양재동,서울,서초구
0,정읍상동,전북,정읍시
0,영등포롯데,서울,영등포구
0,영등포역사,서울,영등포구
0,대구가창D/T,대구,달성군
0,포일IT,경기,의왕시
0,안성맞춤휴게소(상),경기,안성시
0,안성맞춤휴게소(하),경기,안성시
0,죽암휴게소(하)D/T,충북,청주시
0,용인모현,경기,용인시
0,부산해운대좌동,부산,해운대구
0,평택안중D/I,경기,평택시
0,화성반월,경기,화성시
0,남성역,서울,동작구
0,울산옥동타워,울산,남구
0,영주가흥,경북,영주시
0,전주하가D/I,전북,전주시
0,용인천리,경기,용인시
0,부산재송,부산,해운대구
0,고성간성,강원,고성군
0,오창2산단,충북,청주시
0,이천하이닉스,경기,이천시
0,파주당동,경기,파주시
0,현풍테크노폴리스,대구,달성군
0,수지풍덕천,경기,용인시
0,의정부민락,경기,의정부시
0,광주백운,광주,남구
0,세종종촌,세종,도움1로
0,부산신호,부산,강서구
0,전남함평,전남,함평군
0,울산명촌,울산,북구
0,위례역,경기,성남시
0,안산부곡,경기,안산시
0,청주내수,충북,청주시
0,김천혁신도시,경북,김천시
0,인덕원역,경기,안양시
0,주안,인천,남구
0,제주한림,제주,제주시
0,동탄커뮤니티,경기,화성시
0,구미문성,경북,구미시
0,충남도청,충남,홍성군
0,평택청북D/T,경기,평택시
0,보령동대,충남,보령시
0,춘천우두,강원,춘천시
0,대구율하중앙,대구,동구
0,무주리조트,전북,무주군
0,롯데마트마산양덕,경남,창원시
0,용산서계,서울,마포구
0,구월아시아드,인천,남구
0,울산반구,울산,중구
0,시흥하중,경기,시흥시
0,세종부강,세종,부강면
0,홈플러스송도,인천,연수구
0,인천학산,인천,남구
0,창원감계,경남,창원시
0,전남구례,전남,구례군
0,거제상문,경남,거제시
0,김천모다아울렛,경북,김천시
0,인천공항A/S동편,인천,중구
0,서대문역,서울,서대문구
0,인천공항1층,인천,중구
0,자운대,대전,유성구
0,청주강내,충북,청원군
0,삼양사거리,서울,강북구
0,롯데아울렛고양터미널,경기,고양시
0,모슬포,제주,서귀포시
0,부산송도,부산,서구
0,용인휴게소(상),경기,용인시
0,패션아일랜드대전,대전,동구
0,대구역사,대구,북구
0,전주도청,전북,전주시
0,당진신평,충남,당진군
0,일산웨스턴돔,경기,고양시
0,광주선운,광주,광산구
0,평택비전,경기도,평택시
0,고양원흥,경기,고양시
0,천왕역,서울,구로구
0,아산용화,충남,아산시
0,아산신창,충남,아산시
0,외대역,동대문구,이문동
0,화성화산D/T,경기,화성시
0,청주지웰,충북,청주시
0,서울대입구역,서울,관악구
0,대전월평,대전,서구
0,신방화역,서울,강서구
0,강릉주문진,강원,강릉시
0,진주초전D/I,경남,진주시
0,서동탄역,경기,화성시
0,오목천D/T,경기,수원시
0,가평현리,경기,가평군
0,천안통정,충남,천안시
0,성남도촌,경기,성남시
0,롯데이천아울렛,경기,이천시
0,제주외도D/T,제주,제주시
0,여주가남,경기,여주군
0,충남광천,충남,홍성군
0,서울대,서울,관악구
0,센텀프라자빌딩,부산,해운대구
0,광주농성D/T,광주,서구
0,김포구래,경기,김포시
0,롯데아울렛동부산1층,부산광역시,기장군
0,원주반곡,강원,원주시
0,청주율량2지구,충북,청주시
0,청평D/T,경기,가평군
0,나주혁신,전남,나주시금천면
0,안동용상D/T,경북,안동시
0,전남장성,전남,장성군장성읍
0,대구월드컵대로,대구,수성구
0,부산학장,부산,사상구
0,경북봉화,경북,봉화군
0,롯데아울렛광명,경기,광명시
0,세종첫마을,세종,연기면
0,경남하동,경남,하동군
0,홈플러스세종,세종,금남면
0,거제수월,경남,거제시
0,광주오포,경기,광주시
0,대전용운,대전,동구
0,명덕네거리,대구,중구
0,보문역,서울,성북구
0,광주능평,경기,광주시
0,울산성안,울산,중구
0,양평용문,경기,양평군
0,부산대청,부산,중구
0,제주아라,제주,제주시
0,잠실롯데월드몰B1,서울,송파구
0,메가마트기장,부산,기장군
0,경북고령,경북,고령군
0,신호매실,경기,수원시
0,인천영종하늘도시,인천,중구
0,전주혁신,전북,전주시
0,인천서창,인천,남동구
0,제주항D/T,제주,제주시
0,부산망미,부산,수영구
0,창원동읍,경남,창원시
0,천안차암,충남,천안시
0,양산석산,경남,양산시
0,천안성거,충남,천안시
0,금곡,경기,남양주시
0,강릉포남,강원,강릉시
0,수원탑동,경기,수원시
0,부산물만골역,부산,연제구
0,구미공단,경북,구미시
0,전남고흥,전남,고흥군고흥읍
0,진주하대,경남,진주시
0,망원,서울,마포구
0,마산진동,경남,창원시
0,순창D/T,전북,순창군
0,이천증포,경기,이천시
0,부천도당,경기,부천시
0,광주신용,광주,북구
0,서원대,충북,청주시
0,대전관저,대전,서구
0,고양관산,경기,고양시
0,김해내외D/I,경남,김해시
0,제주삼화지구,제주,제주시
0,대구진천역,대구,달서구
0,논산연무,충남,논산시연무읍
0,김포운양,경기,김포시
0,호매실DI,경기,수원시
0,인천청라호수공원,인천,서구
0,부산다대포,부산,사하구
0,거제아주,경남,거제시
0,일산대화역,경기,고양시
0,평택지산,경기,평택시
0,경북풍기,경북,영주시
0,임실,전북,임실군임실읍
0,부산남포,부산,중구
0,삼송신원,경기도,고양시
0,여수웅천지구,전남,여수시
0,광주태전,경기,광주시
0,대전한밭대,대전,유성구
0,익산배산,전북,익산시
0,경남남지,경남,창녕군남지읍
0,오금,서울,송파구
0,롯데마트여천,전남,여수시
0,원주태장,강원,원주시
0,세곡,서울,강남구
0,롯데백잠실광장,서울,송파구
0,군자,서울,광진구
0,보광,서울,용산구
0,당진,충남,당진시
0,방이역,서울,송파구
0,부천시청역,경기,부천시
0,상일동,서울,강동구
0,영천D/T,경북,영천시
0,완주삼례,전북,완주군
0,화성조암,경기,화성시
0,대구청구네거리,대구,수성구
0,담양D/I,전남,담양군
0,인천불로,인천,서구
0,서면일번가,부산,부산진구
0,강동구청D/T,서울,강동구
0,순천신대,전남,순천시
0,경남함안,경남남도,함안군
0,덕성여대,서울,강북구
0,송도센트럴파크,인천,연수구
0,부산토곡,부산,연제구
0,후암,서울,용산구
0,울산전하,울산,동구
0,대소,충북,음성군
0,서산호수공원,충남,서산시
0,부안,전북,부안군
0,동대구역사2호,대구,동구
0,인천검단,인천,서구
0,시흥거모,경기,시흥시
0,개봉,서울,구로구
0,화성사강D/T,경기,화성시
0,대전관평,대전,유성구
0,의정부시청,경기,의정부시
0,성주,경북,성주군
0,망포역,경기,수원시
0,봉천역,서울,관악구
0,개포,서울,강남구
0,녹번,서울,은평구
0,휘닉스파크,강원,평창군
0,홈플러스상봉,서울,중랑구
0,온양D/T,충남,아산시
0,용인양지,경기,용인시
0,수원곡반정,경기,수원시
0,인천동춘,인천,연수구
0,화천사내,강원,화천군
0,분당수내동,경기도,성남시
0,대전터미널,대전,동구
0,하나로부산,부산,북구
0,학동역,서울,강남구
0,진주평거,경남,진주시
0,하남풍산,경기,하남시
0,구의역,서울,광진구
0,문경새재,문경새재도립공원,관리사무소
0,인천소래포구역,인천,남동구
0,홈플러스남현,서울,관악구
0,인천허브D/I,인천,중구
0,천안독립기념관,충남,천안시
0,만안구청,경기,안양시
0,순천향대학D/T,충남,아산시
0,김포사우,경기,김포시
0,강진,전남,강진군
0,부산신모라,부산,사상구
0,경산진량,경북,경산시
0,부여아울렛,충남,부여군
0,천안성정,충남,천안시
0,하나로마트남창원,경남,창원시
0,양주백석D/T,경기,양주시
0,안동터미널,경북,안동시
0,천안안서D/T,충북,천안시
0,홈플러스인천청라,인천,서구
0,대전대동,대전,동구
0,마산역,경남,창원시
0,부천약대,경기도,부천시
0,답십리,서울,성동구
0,익산동산,전북,익산시
0,번동D/T,번동사거리,현대주유소
0,대전대사,대전,중구
0,용인동천,경기,용인시
0,장흥,전남,장흥군
0,문정로데오,서울,송파구
0,익산영등,전북,익산시
0,안양호계,경기,안양시
0,전주중화산,전북,전주시
0,대전가수원,대전,서구
0,군산조촌D/T,전북,군산시
0,김해아울렛식당가,경남,김해시
0,역삼,서울,강남구
0,대구대곡역,대구,달성군
0,완주봉동,전북,완주군
0,잠실새내,서울,송파구
0,부산하단,부산,사하구
0,천호역,서울,강동구
0,안양중앙,경기도,안양시
0,홈플러스경산,경북,경산시
0,별내신도시,경기,남양주시
0,홈플러스오산세교,경기,오산시
0,대전가양D/T,대전,대덕구
0,대전복수,대전,서구
0,수원역사,경기,수원시
0,안산반월,경기,안산시
0,창동역,서울,도봉구
0,송산휴게소,경기,화성시
0,인천동양,인천,계양구
0,홈플러스합정,서울,마포구
0,광주운암DI,광주,북구
0,여주375아울렛,경기,여주시
0,의정부녹양역,경기,의정부시
0,용인보라,경기,용인시
0,별내,경기,남양주시
0,지행역,경기,동두천시
0,홈플러스대구성서,대구,달서구
0,부산감천,부산,사하구
0,청주분평D/T,충북,청주시
0,전주인후,전북,전주시
0,인천갈산,인천,부평구
0,숭실대입구역,서울특별시,동작구
0,수원호매실,경기,수원시
0,목포하당,전남,목포시
0,엘리시안강촌리조트,강원,춘천시
0,홈플러스인천숭의,인천,남구
0,목동,서울,양천구
0,홈플러스대구,대구,북구
0,홈플러스부산가야,부산,진구
0,롯데마트서청주,충북,청주시
0,안양박달D/I,경기,안양시
0,인천부개역,인천,부평구
0,대전카이스트,대전,유성구
0,대흥역,서울,마포구
0,경주,경북,경주시
0,홈플러스인천가좌,인천,서구
0,울산방어,울산,동구
0,인천석바위,인천,남구
0,롯데마트시흥,경기,시흥시
0,진해용원,경남,창원시
0,중랑역,서울,중랑구
0,천안안서,충남,천안시
0,부산기장,부산,기장군
0,서산휴게소(下),충남,서산시
0,속초터미널,강원,속초시
0,문막휴게소,강원,원주시
0,홈플러스유성,대전시,유성구
0,안양관양,경기,안양시
0,남원도통,전북,남원시
0,용인역북,경기,용인시
0,정선에코리조트,강원,정선군
0,동묘역,서울,종로구
0,망상,강원,동해시
0,온양온천,충남,아산시
0,부산거제,부산,연제구
0,강남우성사거리,서울,강남구
0,선릉,서울,강남구
0,대전도안신도시,대전,유성구
0,대전유성,대전,유성구
0,홈플러스안동,경북,안동시
0,목포대학,전남,무안군
0,대전정림,대전,서구
0,뚝섬유원지,서울,광진구
0,송파삼전,서울,송파구
0,광교D/T,경기,용인시
0,구로IT,서울,구로구
0,퇴계원,경기,남양주시
0,홈플러스영등포,서울,영등포구
0,홈플러스김포,경기,김포시
0,부천중동,경기,부천시
0,수락산역,서울,노원구
0,롯데마트행당역,서울,성동구
0,울산화봉,울산,북구
0,롯데마트수원천천,롯데마트,천천점
0,한남대,대전,대덕구
0,한성대입구역,서울,성북구
0,전남대,광주,북구
0,청구역,서울,중구
0,목포용해,전남,목포시
0,동해쇄운,동해시,쇄운동
0,롯데씨네마광주수완,광주,광산구
0,부산화명,부산,북구
0,홈플러스부산연산,부산,연제구
0,강릉D/T,강원,강릉시
0,진해중앙,경남,창원시
0,대방역,서울,영등포구
0,철원와수,강원,철원군
0,전주삼천,전북,전주시
0,무주,전북,무주군
0,괴산,충북,괴산군
0,포천운천,경기,포천시
0,원주단계,강원,원주시
0,롯데마트원주,강원,원주시
0,동대구역사,대구,동구
0,포항문덕,경북,포항시
0,홈플러스경주,경북,경주시
0,광주양산,광주,북구
0,구미봉곡,경북,구미시
0,홈플러스안산,경기,안산시
0,롯데몰김포공항,서울,강서구
0,대구동호D/T,대구,동구
0,신경주역사,경북,경주시
0,파주아울렛,경기,파주시
0,송파,서울,송파구
0,김포양곡,경기,김포시
0,중동인성,경기,부천시
0,오이도D/I,경기,시흥시
0,중곡,중곡동,중마
0,홈플러스작전,인천,계양구
0,울산세이브존,울산,남구
0,롯데마트송파,서울,송파구
0,대전와동D/T,대전광역시,대덕구
0,충주연수,충북,충주시
0,망우,서울,중랑구
0,인천청라,인천,서구
0,영광,전남,영광군
0,청양,충남,청양군
0,NC강서,서울,강서구
0,광주동강대,광주,북구
0,상계,서울,노원구
0,부산미남역,지하철,3호선
0,일산킨텍스,경기,고양시
0,강남역,강남역,9번이나
0,대구스타디움,대구,수성구
0,부산명지,부산,강서구
0,방학,방학,4거리에서
0,시흥월곶,경기,시흥시
0,상암,서울,마포구
0,광양마동,전남,광양시
0,강일,서울,강동구
0,발산역,서울,강서구
0,문막,강원,원주시
0,대구수성,대구,수성구
0,목동행복한백화점,서울,양천구
0,종암,서울,성북구
0,마산내서,경남,창원시
0,청주터미널,충북,청주시
0,천안상록리조트,충남,천안시
0,광명하안,경기,광명시
0,광혜원,광혜원시외버스정류장,맞은편
0,부평,인천,부평구
0,시흥정왕역,경기,시흥시
0,운정한빛,경기,파주시
0,여의도선착장,서울,영등포구
0,청주하나로,충북,청주시
0,전주효자서부,전북,전주시
0,성수역,성수역1번출구,150m
0,아산탕정,충남,아산신
0,구파발역,서울시,은평구
0,부천범박,경기,부천시
0,남양주진접,경기,남양주시
0,고양,경기도,고양시
0,일산가좌,경기,고양시
0,롯데몰이시아폴리스점,대구,동구
0,키즈마트부산,부산,진구
0,군산수송,전북,군산시
0,암사역,서울,강동구
0,김포통진,경기,김포시
0,상봉역,서울시,중랑구
0,구리돌다리,경기,구리시
0,구리인창,경기,구리시
0,안성공도D/T,경기,안성시
0,일산식사,경기,고양시
0,충북오송,충북,청원군
0,울산남목,울산,동구
0,정릉,서울,성북구
0,인제터미널,강원,인제군
0,용인흥덕,경기,용인시
0,포천송우,경기,포천시
0,완도,전남,완도군
0,전주송천,전북,전주시
0,용인죽전1동,용인시,수지구
0,방화,서울,강서구
0,성남테크노밸리,경기,성남시
0,중앙대,서울시,동작구
0,장호원,경기,이천시
0,이수역,서울,동작구
0,수원정자,홈배달,가능합니디.
0,창원소답,경남,창원시
0,공항신도시,인천,중구
0,부산범어사역,부산,금정구
0,용산역사ST,서울,용산구
0,홈플러스김해,경남,김해시
0,롯데마트제천,충북,제천시
0,광주수완,수완지구,신한은행
0,군산산북,전북,군산시
0,길음뉴타운점,서울,성북구
0,단양,별곡리,331번지
0,수영로타리,부산시,수영구
0,역곡역,경기,부천시
0,대전시청,대전,서구
0,용인신봉,경기,용인시
0,구리토평,경기,구리시
0,홈플러스밀양,경남,밀양시
0,시흥능곡,경기,시흥시
0,목포석현,전남,목포시
0,문산,경기,파주시
0,함양,경남,함양군
0,삼호한마음,전남,영암군
0,파주운정,경기,파주시
0,광주두암,광주,북구
0,화천,강원,화천군
0,천안목천,충남,천안시
0,충남대,대전,유성구
0,메가마트언양,울산,울주군
0,평택송탄,경기도,평택시
0,양주고읍,경기도,양주시
0,대구동성로,대구,중구
0,공릉역,서울,노원구
0,여수여서,전남,여수시
0,가든파이브,서울,송파구
0,진주산업대,경남,진주시
0,천안아산역사,충남,아산시
0,홈플러스월곡,서울,성북구
0,안성공도,경기,안성시
0,창원상남,경남,창원시
0,하나로마트울산,울산,울주군
0,통영죽림,경남,통영시
0,의왕오전,경기,의왕시
0,부산반송,부산,해운대구
0,익산모현,전북,익산시
0,대전배재,대전,서구
0,부천오정,경기,부천시
0,오남,경기,남양주시
0,부산대,부산,금정구
0,의정부신곡,경기,의정부시
0,남악,전남,무안군
0,부산동래역,부산,동래구
0,화성센트럴파크,경기,화성시
0,울산온양,울산,을주군
0,광주풍암,광주,서구
0,인천검암,인천,서구
0,청주봉명,충북,청주시
0,사당,서울,서초구
0,오류동역,서울,구로구
0,의왕부곡,경기,의왕시
0,화순,전남,화순군
0,건대역,서울,광진구
0,대구수성구청,대구,수성구
0,부산정관,부산,기장군
0,사가정역,서울,중랑구
0,광주동림,광주,광역시
0,용인둔전,경기,용인시
0,인천간석,인천,남구
0,일산후곡,경기,고양시
0,인천월미마이랜드,인천,중구
0,성남단대,경기,성남시
0,고덕역,서울,강동구
0,목포,전남,목포시
0,의정부호원,경기,의정부시
0,목포북항,전남,목포시
0,미아삼거리,서울,성북구
0,인천남동공단,인천,남동구
0,롯데마트광주수완,광주,광산구
0,부천뉴코아,경기,부천시
0,영등포타임스퀘어B2,서울,영등포구
0,김해율하,경남,김해시
0,대구서부정류장,대구,달서구
0,신도림역,서울,구로구
0,대구서재,대구,달성군
0,롯데마트서산,충남,서산시
0,진주금산,경남,진주시
0,알펜시아리조트,강원,평창군
0,김포장기,경기,김포시
0,광주학동,광주,동구
0,전주동산,전북,전주시
0,평촌귀인,경기,안양시
0,고양행신역,경기,고양시
0,인천올리브,인천,남동구
0,롯데마트고양,경기,고양시
0,양산부산대,경남,양산시
0,대구사월역,대구,수성구
0,롯데마트통영,경남,통영시
0,롯데마트평택배미,경기,평택시
0,여수디오션리조트,전남,여수시
0,대구아양교,대구,동구
0,인천송도,인천,연수구
0,대구스파밸리,대구,달성군
0,신곡시장,서울,양천구
0,홈플러스일산,경기,고양시
0,평택팽성,경기,평택시
0,용인보정,경기,용인시
0,화성향남,경기,화성시
0,아울렛광명,경기,광명시
0,홈플러스계림,광주,동구
0,롯데김해아울렛,경남,김해시
0,아산둔포,충남,아산시
0,숙대입구역,서울,용산구
0,인천논현,인천,남동구
0,포천D/T,경기,포천시
0,홈플러스부산감만,부산,남구
0,롯데마트전주송천,전북,전주시
0,부산경성대,부산,남구
0,롯데마트전주,전북,전주시
0,롯데마트당진,충남,당진시
0,홈플러스평촌,경기,안양시
0,동대문광장,서울,종로구
0,태백,강원,태백시
0,구미양포,경북,구미시
0,홈플러스오창,충북,청원군
0,송악,충남,당진시
0,장승포,경남,거제시
0,수원북문,경기,수원시
0,홈플러스천안,충남,천안시
0,화성봉담,경기도,화성시
0,동해,강원,동해시
0,성신여대,서울,성북구
0,홈플러스진해,경남,창원시
0,충주터미널,충북,충주시
0,홈플러스조치원,세종,조치원읍
0,수원성대,경기,수원시
0,광주치평점,광주,서구
0,영덕,경북,영덕군
0,칠곡석적,경북,칠곡군
0,홈플러스상인,대구,달서구
0,홈플러스계산,인천,계양구
0,홈플러스목포B1,전남,목포시
0,화성동탄,경기,화성시
0,구미상모,경북,구미시
0,롯데마인천삼산B1,인천,부평구
0,용인상현,경기,용인시
0,원통,강원,인제군
0,평촌주공공이,경기,안양시
0,롯데마트대덕테크노밸리,대전,유성구
0,인천가좌,인천,서구
0,동대문역사문화공원역,서울,중구
0,전주터미널,전북,전주시
0,청주산남,충북,청주시
0,신당역,서울,중구
0,홈플러스전주,전북,전주시
0,신림역,2호선,신림역
0,원광대,전북,익산시
0,천안직산,충남,천안시
0,홈플러스해운대,부산,해운대구
0,청량리,청량리역3번출구,(민자역사
0,울산구영,울산,울주군
0,화성기안,경기,화성시
0,대전가오,대전,동구
0,부천역,경기,부천시
0,부천역EXP,경기,부천시
0,광명,경기,광명시
0,부산사상,부산,사상구
0,노량진,서울,동작구
0,용인구성,경기,용인시
0,인천만수,인천,남동구
0,대전전민,대전,유성구
0,홈플러스울산북구,울산,북구
0,호평,경기,남양주시
0,의정부제일,경기,의정부시
0,고창,전북,고창군
0,홈플러스천안신방,충남,천안시
0,건대스타시티,서울,광진구
0,롯데마트군산,전북,군산시
0,파주교하,경기,파주시
0,인천석남,인천,서구
0,광주문흥,광주,북구
0,홈플러스방학,서울,도봉구
0,조치원,세종,조치원읍
0,롯데마트장유,경남,김해시
0,아산배방,충청남도,아산시
0,신촌로터리,서울,마포구
0,광주신창,광주,광산구
0,전주고사,전북,전주시
0,오산원동,경기,오산시
0,홈플러스신내,서울,중랑구
0,의정부회룡역,회룡역,1번출구
0,오창,충북,청원군
0,대전반석,대전,유성구
0,가평,경기,가평군
0,대산,충남,서산시
0,진건,진건초등학교,맞은편
0,부산역,부산,동구
0,마산터미널,경남,창원시
0,수원팔달,경기도,수원시
0,곤지암,경기,광주시
0,홈플러스내당,대구,서구
0,롯데마트천안성정,충남,천안시
0,홈플러스마산양덕,경남,창원시
0,캐슬플라자,서울,송파구
0,분당미금아울렛,경기,성남시
0,의정부가능역점,경기,의정부시
0,홈플러스강서,서울,강서구
0,서천,충남,서천군
0,홈플러스인하,인천,남구
0,인천원당,인천,서구
0,대림역,서울,영등포구
0,화성태안,경기,화성시
0,롯데마트웅상,경남,양산시
0,원주무실,강원,원주시
0,영월,강원,영월군
0,김해북부,경남,김해시
0,인천당하,인천,서구
0,전주메가월드,전북,전주시
0,대구칠곡매천,대구,북구
0,청도,경북,청도군
0,김천EXP,경북,김천시
0,성남상대원,경기,성남시
0,일산대화,경기,고양시
0,음성,충북,음성군
0,화성발안,경기,화성시
0,롯데마트서대전,대전,유성구
0,롯데마트의왕,경기,의왕시
0,롯데마트첨단,광주,광산구
0,제천청전,충북,제천시
0,안양비산,경기,안양시
0,NC청주,충북,청주시
0,홈플러스시화,경기,시흥시
0,일산중산,경기,고양시
0,횡성,강원,횡성군
0,예천,경북,예천군
0,대전역사,대전,동구
0,롯데마트사하,부산,사하구
0,롯데마트오산,경기,오산시
0,롯데마트주엽,경기,고양시
0,롯데마트충주,충북,충주시
0,금강휴게소,충북,옥천군
0,광주송정,광주,광산구
0,구미진평,경북,구미시
0,대구동서변,대구,북구
0,구미원평,경북,구미시
0,순천시청,전남,순천시
0,서울역광장,서울,용산구
0,서울역사,서울,용산구
0,구미도량,경북,구미시
0,양구,강원,양구군
0,A.G선수촌,부산,해운대구
0,홈플러스금천,서울,금천구
0,군산대학,전북,군산시
0,파주법원,경기,파주시
0,수원율현,경기,수원시
0,천안두정,두정역에서,"100M,"
0,부산대연,부산,남구
0,안산역사,경기,안산시
0,시흥제일,경기,시흥시
0,강릉교동,강원,강릉시
0,양산중부,경남,양산시
0,군포당동,경기,군포시
0,경남합천,경남,합천군
0,제주공항,제주,제주시
0,포항죽도,경북,포항시
0,홈플러스아시아드,부산,연제구
0,안산제일,경기,안산시
0,대천광장,충남,보령시
0,대구칠곡구암,대구,북구
0,포항두호,경북,포항시
0,대구퀸스로드,대구,서구
0,분당미금,경기,성남시
0,마산호계,경남,창원시
0,인천연희D/T,인천,서구
0,안성중앙,경기,안성시
0,종각역,서울,종로2가
0,수원역광장,경기,수원시
0,목포상동,전남,목포시
0,부천상동,경기,부천시
0,서울랜드2호,경기,과천시
0,울산화정,울산,동구
0,GS천안,충남,천안시
0,봉일천,경기,파주시
0,시흥연성,경기,시흥시
0,응암오거리,서울,은평구
0,대구다사,죽곡,우리은행
0,경상대학,경남,진주시
0,광주용봉,광주,북구
0,부산주례역,주례역,1번출구
0,대구방촌,대구,동구
0,대전비래,대전,대덕구
0,야탑역,야탑역4번출구,야탑광장
0,청주금천,충북,청주시
0,동인천역전,인천,중구
0,울산호계,울산,북구
0,대전신성,대전시,유성구
0,안산신도시,경기,안산시
0,경주안강,경북,경주시
0,장안사거리,서울,동대문구
0,대전가장,대전,서구
0,대구논공,대구,달성군
0,대구나이스수성,대구,수성구
0,안동옥동,경북,안동시
0,대구안지랑,대구,남구
0,양평,경기,양평군
0,창원팔용,창원시,의창구
0,천안신방,충남,천안시
0,여수신기,전남,여수시
0,경남창녕,경남,창녕군
0,시흥시화,경기,시흥시
0,인천청천,대우자동차,서문
0,혜화,서울,종로구
0,금왕,충북,음성군
0,염창,서울,강서구
0,구미오태D/T,경북,구미시
0,안산초지,경기,안산시
0,울산온산,울산,울주군
0,울산태화,울산,중구
0,광주금호,광주,서구
0,의정부용현,경기,의정부시
0,단구GS마트,강원,원주시
0,안양역사,경기,안양시
0,홈플러스센텀시티,부산,해운대구
0,부산안락,부산,동래구
0,남양주청학,경기,남양주시
0,동암남부,동암남로,5
0,포항흥해,경북,포항시
0,창원도계,경남,창원시
0,일산탄현,경기,고양시
0,홈플러스동수원,경기,수원시
0,광양,전남,광양시
0,명지대학,서울시,서대문구
0,개봉역,서울,구로
0,롯데마트울산,울산,남구
0,양산덕계,경남,양산시
0,삼천포벌리,경남,사천시
0,광주하남,광주광역시,광산구
0,인천강화,인천,강화군
0,광주진월,광주,남구
0,궁전라벤더,대구,동구
0,익산부송,전북,익산시
0,전주아중,전북,전주시
0,울진D/I,경북,울진군
0,대전중촌,대전,중구
0,장현,경기,남양주시
0,인천용현,인천,남구
0,금촌로터리,경기,파주시
0,남부터미널,서울,서초구
0,하남신장,경기,하남시
0,홈플러스울산,울산,중구
0,킴스순천,전남,순천시
0,화성남양,화성시,남양동
0,안산본오,경기,안산시
0,인천작전,인천,계양구
0,천안쌍용,충남,천안시
0,수원터미널,경기,수원시
0,부산아쿠아리움,부산,해운대구
0,석관,서울,성북구
0,신김포공항,서울,강서구
0,홈플러스구월,인천,남동구
0,청주하복대,충북,청주시
0,인천학익,인천,남구
0,시흥중앙,서울,금천구
0,부산터미날1호,부산,금정구
0,청주대학,충북,청주시
0,원주하나로,단계동,원예하나로
0,삼척,강원,삼척시
0,수원권선,경기,수원시
0,양주덕정,경기,양주시
0,시흥은행,경기,시흥시
0,대전송촌,대전,대덕구
0,공주신관,충남,공주시
0,군산나운,전북,군산시
0,광주오치,광주,광역시
0,울산범서,울산,울주군
0,일산마두,경기,고양시
0,평택안중,경기,평택시
0,해남,전남,해남군
0,고성,경남,고성군
0,까치산역,까치산역3번출구에서,50미터
0,대전송강,대전,유성구
0,김해진영,경남,김해시
0,강원대학,강원,춘천시
0,구미동아,경북,구미시
0,청주사천,충북,청주시
0,경산사동,경북,경산시
0,대구신당,대구,달서구
0,북비산,대구,서구
0,창원대학,경남,창원시
0,신림녹두,서울,관악구
0,일동,경기,포천시
0,충주칠금,충북,충주시
0,안산한양대,경기,안산시
0,진천,충북,진천군
0,홈플러스거제,경남,거제시
0,구로가산,서울,금천구
0,청주분평,충북,청주시
0,창원대방,경남,창원시
0,대전노은,대전,유성구
0,안산D/T,경기,안산시
0,대전갈마,대전,서구
0,경주황성,경북,경주시
0,성환,충남,천안시
0,포항양덕,경북,포항시
0,월드점,잠실,키자니아
0,광주운남,광주,광산구
0,인천남동구청,인천,남동구
0,청주사창,충북,청주시
0,아차산역,서울,광진구
0,광양중동,전남,광양시
0,울산터미널,울산,남구
0,태안,충남,태안군
0,탑마트신다대,부산,사하구
0,인천연수,인천,연수구
0,계룡,충남,계룡시
0,동수원,경기,수원시
0,진주상대,경남,진주시
0,대구화원,대구,달성군
0,시흥정왕,경기,시흥시
0,청주율량,충북,청주시
0,거제옥포,경남,거제시
0,여천,전남,여수시
0,춘천명동EXP,강원,춘천시
0,경안제일,경기,광주시
0,쌍문역,서울,도봉구
0,광주일곡,광주,북구
0,순천금당,전남,순천시
0,GS마트상계,서울,노원구
0,신부여,충남,부여군
0,부천고강,경기,부천시
0,전곡,경기,연천군
0,안양,경기,안양시
0,마석,경기,남양주시화도읍
0,나주,전남,나주시
0,철원동송,강원,철원군
0,부산반여,부산,해운대구
0,대구평리,대구,서구
0,목동사거리,서울,양천구
0,전주효자CGV,전북,전주시
0,서산터미날,충남,서산시
0,대구북부터미날,대구,서구
0,사천,경남,사천시
0,인천부개,인천,부평구
0,신평탑마트,부산,사하구
0,세이브마트,서울,관악구
0,옥천,충북,옥천군
0,남해,경남,남해군
0,대구용산,대구,달서구
0,인천옥련,인천,연수구
0,광주봉선,광주,남구
0,부산대신,부산,서구
0,청주개신,충북,청주시
0,천안백석,천안시,서북구
0,주안고려,인천,남구
0,청주용암,충북,청주시
0,광주염주,광주,서구
0,연신내역,서울,은평구
0,인천구월,모래내시장,"입구,롯데캐슬"
0,금산,충남,금산군
0,인천병방,인천,계양구
0,홍천,강원,홍천군
0,여주,경기,여주시
0,마천,서울,송파구
0,영대병원,대구,남구
0,전주서신,전북,전주시
0,포항오천,경북,포항시
0,충북영동,충북,영동군
0,신탄진,대전시,대덕구
0,인천계양,인천,계양구
0,노원역,서울,노원구
0,증평,충북,증평군
0,강변씨네마,서울,광진구
0,점촌,경북,문경시
0,구포,부산,북구
0,금호,서울,성동구
0,강변테크노,서울,광진구
0,영도남항,남항동,농협
0,팔달시장,대구,북구
0,면목중앙,서울,중랑구
0,대전타임월드,대전,서구
0,평택중앙,경기,평택시
0,부산장림,부산,사하구
0,김해어방,경남,김해시
0,북마산,경남,창원시
0,광주충장,광주,동구
0,인천신기,인천,남구
0,제주시청,제주,제주시
0,포천,경기,포천시
0,김제,전북,김제시
0,순천연향,순천연향동,동부
0,경북왜관,경북,칠곡군
0,수원화서,경기,수원시
0,대구대곡,대구,달서구
0,영도동삼,부산,영도구
0,원주우산,강원,원주시
0,구서,부산,금정구
0,창원용호,경남,창원시
0,구로시장,서울,구로구
0,홍성,충남,홍성군
0,하양,경북,경산시
0,대구계명,대구,남구
0,구미인동,경북,구미시
0,영천시장,경북,영천시
0,대전도마,대전,서구
0,대전은행,대전시,중구
0,문현,부산,남구
0,광주터미널,광주,서구
0,용인터미널,경기,용인시
0,구미형곡,경북,구미시
0,대전중동,대전시,동구
0,동두천,경기,동두천시
0,거창,경남,거창군
0,통영,경남,통영시
0,인천백운,인천,부평구
0,하남덕풍,경기,하남시
0,언양,울산,울주군
0,신제주,제주,제주시
0,덕천,부산,북구
0,제물포,인천,남구
0,산본중앙,경기,군포시
0,대구복현,대구,북구
0,대구지산,대구,수성구
0,대구효목,대구,수성구
0,양주리치마트,경기,양주시
0,예산,충남,예산군
0,울산대학,울산,남구
0,논산,논산,터미널
0,남원,전북,남원시
0,부천원미,경기,부천시
0,대구봉덕,대구,남구
0,부천원종,부천시,오정구
0,정읍,전북,정읍시
0,롯데부산본점시네마,부산,부산진구
0,부산비프광장,부산,중구
0,신갈,경기,용인시
0,강릉터미날,강원,강릉시
0,보은,충북,보은군
0,김해부원,경남,김해시
0,화곡시장,서울,강서구
0,상주,경북,상주시
0,대구만촌,대구,수성구
0,부산용호,부산,남구
0,양산,경남,양산시
0,대천,충남,보령시
0,동대구,대구,동구
0,금촌,금촌역,일방통행길
0,여수중앙,전남,여수시
0,공주,충남,공주시
0,대구신암,대구,동구
0,군산,전북,군산시
0,안산선부,경기,안산시
0,대구감삼,대구,서구
0,대구상인,대구,달서구
0,안산상록수,경기,안산시
0,둔산선사,대전광역시,서구
0,부천송내,경기,부천시
0,마산창동,경남,창원시
0,속초,강원도,속초시
0,부산진역,부산,동구
0,성대시장,서울시,동작구
0,서귀포,제주,서귀포시
0,경산,경북,경산시
0,응암,서울,은평구
0,석계,서울,노원구
0,온양,충남,아산시
0,성남신흥,경기,성남시
0,부산연산,부산,연제구
0,인천계산,인천,계양구
0,순천,전남,순천시
0,수원매탄,경기,수원시
0,구로디지털역,서울,관악구
0,대전동부,대전,동구
0,영주,경북,영주시
0,대전버드내,대전,중구
0,구미,경북,구미시
0,부산양정,부산,부산진구
0,불광,서울,은평구
0,광주금남로,광주,광역시
0,충주,충북,충주시
0,제천,제천시,중앙로1가
0,원당,경기,고양시
0,춘천명동,강원,춘천시
0,길동,서울,강동구
0,포항,경북,포항시
0,마들역,서울,노원구
0,언더랜드,서울,송파구
0,서울랜드점,경기,과천시
0,소공2호,서울,중구
0,동서울터미널,서울,광진구
0,봉천,서울,관악구
0,강릉,강원,강릉시
0,원주일산,강원,원주시
0,성남,경기,성남시
0,대전중앙,대전광역시,중구
0,홈서비스과천,경기,과천시
0,홈서비스부암(부산역),부산,부산진구
